Student_ID,subject_id,subject_name,cat_1,cat_2,cat_3,exam_1,exam_2
1001,2,Mathematics,55,69,63,61,71
1002,2,Mathematics,38,36,48,36,53
1003,2,Mathematics,96,84,79,74,76
1004,2,Mathematics,91,85,85,82,84
1005,2,Mathematics,21,24,37,34,32
1006,2,Mathematics,55,50,49,55,48
1007,2,Mathematics,62,79,76,75,80
1008,2,Mathematics,81,66,72,79,85
1009,2,Mathematics,36,42,37,39,35
1010,2,Mathematics,54,55,66,52,72
1011,2,Mathematics,54,49,59,52,57
1012,2,Mathematics,56,67,60,68,83
1013,2,Mathematics,58,50,41,48,49
1014,2,Mathematics,14,20,23,25,30
1015,2,Mathematics,16,27,29,29,32
1016,2,Mathematics,43,41,33,46,46
1017,2,Mathematics,50,51,65,58,63
1018,2,Mathematics,64,69,61,64,61
1019,2,Mathematics,27,29,25,34,21
1020,2,Mathematics,40,51,44,48,33
1021,2,Mathematics,100,99,100,96,100
1022,2,Mathematics,60,63,78,82,73
1023,2,Mathematics,39,32,34,33,34
1024,2,Mathematics,30,38,23,35,27
1025,2,Mathematics,64,53,62,60,62
1026,2,Mathematics,64,46,47,47,48
1027,2,Mathematics,49,50,37,34,41
1028,2,Mathematics,72,69,58,75,76
1029,2,Mathematics,34,38,37,38,45
1030,2,Mathematics,45,41,45,49,60
1031,2,Mathematics,15,13,19,26,12
1032,2,Mathematics,79,76,82,74,67
1033,2,Mathematics,59,58,57,61,63
1034,2,Mathematics,31,28,32,40,30
1035,2,Mathematics,81,84,92,86,86
1036,2,Mathematics,27,24,31,14,16
1037,2,Mathematics,63,54,56,59,56
1038,2,Mathematics,28,33,19,26,20
1039,2,Mathematics,40,48,55,64,56
1040,2,Mathematics,55,34,29,44,37
1041,2,Mathematics,82,78,71,65,77
1042,2,Mathematics,57,70,53,51,57
1043,2,Mathematics,45,42,45,36,52
1044,2,Mathematics,62,57,58,58,57
1045,2,Mathematics,43,37,41,37,47
1046,2,Mathematics,49,37,28,36,30
1047,2,Mathematics,45,47,40,50,39
1048,2,Mathematics,72,69,65,54,57
1049,2,Mathematics,54,70,67,60,61
1050,2,Mathematics,23,34,32,30,35
1051,2,Mathematics,80,75,85,92,92
1052,2,Mathematics,33,41,39,42,41
1053,2,Mathematics,63,76,71,83,68
1054,2,Mathematics,46,43,47,51,58
1055,2,Mathematics,66,70,83,82,75
1056,2,Mathematics,76,79,69,73,65
1057,2,Mathematics,49,43,56,40,39
1058,2,Mathematics,50,55,42,52,45
1059,2,Mathematics,63,62,48,66,65
1060,2,Mathematics,67,67,64,59,57
1061,2,Mathematics,49,45,40,46,25
1062,2,Mathematics,50,60,57,58,75
1063,2,Mathematics,44,41,43,40,31
1064,2,Mathematics,27,22,31,44,41
1065,2,Mathematics,74,74,88,77,77
1066,2,Mathematics,80,78,80,83,84
1067,2,Mathematics,62,68,64,66,54
1068,2,Mathematics,78,84,62,93,81
1069,2,Mathematics,46,57,49,53,70
1070,2,Mathematics,41,45,42,40,41
1071,2,Mathematics,68,73,81,85,89
1072,2,Mathematics,77,95,79,89,83
1073,2,Mathematics,56,56,57,64,57
1074,2,Mathematics,85,86,72,82,82
1075,2,Mathematics,37,27,28,26,27
1076,2,Mathematics,53,69,53,51,42
1077,2,Mathematics,54,71,66,55,71
1078,2,Mathematics,47,35,65,45,45
1079,2,Mathematics,69,64,61,62,65
1080,2,Mathematics,38,38,38,35,39
1081,2,Mathematics,59,51,48,53,58
1082,2,Mathematics,59,64,77,67,73
1083,2,Mathematics,84,92,84,89,95
1084,2,Mathematics,50,45,46,42,46
1085,2,Mathematics,47,51,53,51,51
1086,2,Mathematics,40,35,53,34,36
1087,2,Mathematics,77,69,77,65,69
1088,2,Mathematics,72,50,58,59,56
1089,2,Mathematics,47,48,47,53,60
1090,2,Mathematics,60,67,82,61,75
1091,2,Mathematics,45,54,63,54,57
1092,2,Mathematics,84,86,81,88,82
1093,2,Mathematics,25,37,40,23,38
1094,2,Mathematics,31,50,44,39,45
1095,2,Mathematics,61,65,57,64,56
1096,2,Mathematics,36,36,48,47,44
1097,2,Mathematics,64,71,63,75,61
1098,2,Mathematics,63,66,65,70,72
1099,2,Mathematics,47,43,56,45,37
1100,2,Mathematics,57,43,49,45,44
1101,2,Mathematics,33,38,39,35,46
1102,2,Mathematics,37,45,36,41,41
1103,2,Mathematics,62,61,68,73,69
1104,2,Mathematics,34,35,40,38,40
1105,2,Mathematics,48,44,47,45,33
1106,2,Mathematics,57,49,59,63,60
1107,2,Mathematics,96,88,85,83,84
1108,2,Mathematics,53,52,51,53,57
1109,2,Mathematics,42,37,59,47,55
1110,2,Mathematics,46,58,57,48,34
1111,2,Mathematics,31,19,28,26,29
1112,2,Mathematics,44,57,49,50,45
1113,2,Mathematics,46,49,60,41,39
1114,2,Mathematics,93,92,100,97,100
1115,2,Mathematics,35,52,36,45,43
1116,2,Mathematics,55,48,45,54,49
1117,2,Mathematics,48,48,54,48,54
1118,2,Mathematics,31,31,42,48,47
1119,2,Mathematics,71,68,87,78,80
1120,2,Mathematics,84,86,98,83,95
1121,2,Mathematics,77,85,79,79,82
1122,2,Mathematics,35,33,27,50,31
1123,2,Mathematics,74,77,80,80,71
1124,2,Mathematics,26,22,33,26,27
1125,2,Mathematics,71,66,58,69,64
1126,2,Mathematics,88,92,84,84,92
1127,2,Mathematics,59,47,34,49,47
1128,2,Mathematics,42,39,35,43,41
1129,2,Mathematics,65,71,62,52,61
1130,2,Mathematics,59,64,66,63,74
1131,2,Mathematics,33,25,28,34,28
1132,2,Mathematics,58,64,71,59,60
1133,2,Mathematics,54,40,57,36,38
1134,2,Mathematics,70,73,70,71,71
1135,2,Mathematics,40,40,46,46,45
1136,2,Mathematics,84,80,89,75,81
1137,2,Mathematics,33,43,41,50,44
1138,2,Mathematics,54,48,43,36,31
1139,2,Mathematics,74,78,76,63,58
1140,2,Mathematics,31,44,41,39,33
1141,2,Mathematics,70,67,57,75,87
1142,2,Mathematics,81,83,92,86,96
1143,2,Mathematics,60,53,53,51,52
1144,2,Mathematics,52,55,45,58,47
1145,2,Mathematics,63,53,73,72,66
1146,2,Mathematics,72,59,66,74,61
1147,2,Mathematics,50,62,59,50,67
1148,2,Mathematics,22,27,32,18,23
1149,2,Mathematics,59,56,54,51,58
1150,2,Mathematics,36,54,56,34,41
1151,2,Mathematics,50,39,35,39,49
1152,2,Mathematics,50,51,47,53,61
1153,2,Mathematics,36,36,29,44,39
1154,2,Mathematics,79,62,55,57,66
1155,2,Mathematics,54,68,59,75,70
1156,2,Mathematics,71,63,67,64,55
1157,2,Mathematics,99,90,88,84,91
1158,2,Mathematics,50,60,71,65,71
1159,2,Mathematics,31,25,31,30,37
1160,2,Mathematics,72,72,69,74,71
1161,2,Mathematics,35,21,35,36,27
1162,2,Mathematics,81,90,79,70,69
1163,2,Mathematics,87,84,84,86,84
1164,2,Mathematics,36,48,52,51,45
1165,2,Mathematics,52,48,55,47,62
1166,2,Mathematics,76,76,72,76,69
1167,2,Mathematics,58,68,80,64,67
1168,2,Mathematics,97,99,100,100,100
1169,2,Mathematics,34,40,48,36,32
1170,2,Mathematics,37,26,46,39,44
1171,2,Mathematics,43,46,40,46,42
1172,2,Mathematics,47,39,52,43,53
1173,2,Mathematics,60,49,48,51,50
1174,2,Mathematics,57,61,62,76,81
1175,2,Mathematics,47,49,55,42,49
1176,2,Mathematics,69,69,75,54,76
1177,2,Mathematics,45,58,63,53,58
1178,2,Mathematics,90,94,91,90,82
1179,2,Mathematics,53,71,56,58,60
1180,2,Mathematics,95,81,86,80,77
1181,2,Mathematics,49,46,43,38,45
1182,2,Mathematics,59,53,42,46,41
1183,2,Mathematics,50,31,44,43,48
1184,2,Mathematics,50,53,51,62,56
1185,2,Mathematics,67,66,64,65,69
1186,2,Mathematics,70,58,73,65,69
1187,2,Mathematics,79,75,73,68,79
1188,2,Mathematics,49,53,54,52,49
1189,2,Mathematics,66,57,72,63,64
1190,2,Mathematics,51,57,54,49,56
1191,2,Mathematics,46,44,41,40,28
1192,2,Mathematics,78,78,70,83,69
1193,2,Mathematics,67,62,78,62,76
1194,2,Mathematics,46,60,52,56,58
1195,2,Mathematics,53,53,37,55,37
1196,2,Mathematics,74,63,68,66,73
1197,2,Mathematics,57,60,60,48,49
1198,2,Mathematics,35,43,44,25,26
1199,2,Mathematics,46,39,47,41,44
1200,2,Mathematics,18,16,18,19,19
1201,2,Mathematics,67,61,55,61,54
1202,2,Mathematics,73,72,77,66,71
1204,2,Mathematics,87,95,96,85,82
1205,2,Mathematics,68,64,62,62,58
1206,2,Mathematics,55,41,46,54,33
1207,2,Mathematics,25,30,31,12,15
1208,2,Mathematics,45,61,35,45,46
1209,2,Mathematics,63,66,63,69,67
1210,2,Mathematics,64,70,68,76,70
1211,2,Mathematics,100,100,100,100,100
1212,2,Mathematics,62,46,38,33,32
1213,2,Mathematics,75,75,73,72,73
1214,2,Mathematics,63,60,38,59,56
1215,2,Mathematics,69,78,77,67,74
1216,2,Mathematics,46,49,56,55,51
1217,2,Mathematics,60,54,62,65,66
1218,2,Mathematics,43,42,48,43,40
1219,2,Mathematics,36,37,39,35,38
1220,2,Mathematics,48,44,37,43,41
1221,2,Mathematics,61,59,55,64,55
1222,2,Mathematics,68,83,72,79,80
1223,2,Mathematics,24,16,37,49,48
1224,2,Mathematics,57,65,55,64,64
1225,2,Mathematics,39,27,23,27,19
1226,2,Mathematics,44,43,46,39,49
1227,2,Mathematics,61,59,62,66,56
1228,2,Mathematics,49,41,44,45,52
1229,2,Mathematics,28,32,27,30,28
1230,2,Mathematics,60,50,64,74,71
1231,2,Mathematics,73,68,70,66,69
1232,2,Mathematics,44,37,36,40,44
1233,2,Mathematics,47,55,49,51,51
1001,3,English,77,70,69,70,59
1002,3,English,57,63,54,53,69
1003,3,English,72,73,86,72,90
1004,3,English,96,89,93,85,86
1005,3,English,47,58,50,52,47
1006,3,English,52,63,50,41,36
1007,3,English,86,76,90,87,87
1008,3,English,51,55,55,50,50
1009,3,English,49,33,31,41,41
1010,3,English,85,83,93,75,80
1011,3,English,62,70,81,71,72
1012,3,English,49,48,47,55,48
1013,3,English,73,73,75,76,59
1014,3,English,29,34,37,39,31
1015,3,English,68,61,78,56,66
1016,3,English,65,67,69,73,85
1017,3,English,55,34,37,33,36
1018,3,English,60,67,44,51,44
1019,3,English,32,29,37,45,34
1020,3,English,35,38,48,55,49
1021,3,English,76,68,79,80,72
1022,3,English,46,41,43,55,40
1023,3,English,53,60,54,51,62
1024,3,English,26,21,40,32,43
1025,3,English,76,60,69,62,53
1026,3,English,77,73,75,83,61
1027,3,English,45,42,42,51,60
1028,3,English,92,74,82,74,84
1029,3,English,51,39,58,60,62
1030,3,English,43,55,60,44,58
1031,3,English,68,70,64,62,65
1032,3,English,89,98,85,94,91
1033,3,English,47,56,40,41,44
1034,3,English,43,42,55,58,55
1035,3,English,61,61,69,68,75
1036,3,English,21,37,26,30,35
1037,3,English,93,81,79,87,92
1038,3,English,62,53,54,54,52
1039,3,English,24,26,24,35,38
1040,3,English,81,71,76,66,71
1041,3,English,72,66,68,61,69
1042,3,English,63,64,63,64,61
1043,3,English,57,58,53,45,65
1044,3,English,44,52,45,53,50
1045,3,English,32,49,44,41,45
1046,3,English,45,34,29,26,39
1047,3,English,67,54,46,48,61
1048,3,English,74,78,80,83,85
1049,3,English,57,62,65,57,57
1050,3,English,26,27,23,27,23
1051,3,English,67,51,58,56,63
1052,3,English,55,58,58,65,64
1053,3,English,58,52,53,64,61
1054,3,English,66,64,51,60,63
1055,3,English,73,83,77,77,74
1056,3,English,76,90,92,84,86
1057,3,English,36,34,28,33,22
1058,3,English,57,64,63,67,64
1059,3,English,65,58,50,70,68
1060,3,English,86,77,80,78,73
1061,3,English,43,41,40,43,38
1062,3,English,50,39,45,47,48
1063,3,English,34,32,22,35,35
1064,3,English,45,47,41,48,54
1065,3,English,68,77,79,72,81
1066,3,English,77,68,80,79,61
1067,3,English,72,64,65,65,52
1068,3,English,56,57,69,53,65
1069,3,English,65,71,68,69,71
1070,3,English,37,33,34,56,46
1071,3,English,53,62,60,58,51
1072,3,English,88,86,72,84,80
1073,3,English,71,55,52,59,57
1074,3,English,85,95,76,86,79
1075,3,English,27,31,33,41,42
1076,3,English,69,62,57,62,59
1077,3,English,74,67,76,89,99
1078,3,English,35,55,44,34,40
1079,3,English,69,67,66,51,53
1080,3,English,48,40,41,36,45
1081,3,English,33,36,28,36,39
1082,3,English,53,72,73,73,86
1083,3,English,92,90,98,98,88
1084,3,English,51,45,48,54,42
1085,3,English,54,59,40,50,55
1086,3,English,45,39,56,50,48
1087,3,English,75,72,61,79,81
1088,3,English,59,65,67,72,73
1089,3,English,66,67,72,67,66
1090,3,English,81,75,67,81,77
1091,3,English,64,68,68,66,66
1092,3,English,79,76,83,74,85
1093,3,English,45,44,48,48,53
1094,3,English,44,52,57,46,60
1095,3,English,66,57,67,56,68
1096,3,English,39,29,31,40,31
1097,3,English,61,75,63,75,76
1098,3,English,90,87,81,77,71
1099,3,English,61,72,70,76,71
1100,3,English,60,57,56,57,44
1101,3,English,56,48,54,56,57
1102,3,English,60,59,45,57,62
1103,3,English,43,49,44,40,45
1104,3,English,40,38,50,36,50
1105,3,English,32,44,30,47,49
1106,3,English,65,75,60,56,70
1107,3,English,90,99,100,95,99
1108,3,English,91,87,80,99,86
1109,3,English,71,78,73,70,70
1110,3,English,62,44,57,60,52
1111,3,English,40,53,52,40,43
1112,3,English,37,41,35,32,43
1113,3,English,60,72,63,70,74
1114,3,English,100,100,100,100,100
1115,3,English,35,41,42,42,42
1116,3,English,81,83,74,70,71
1117,3,English,63,60,56,60,63
1118,3,English,37,39,37,43,39
1119,3,English,75,84,89,89,100
1120,3,English,90,96,86,97,93
1121,3,English,72,76,75,90,79
1122,3,English,56,56,59,61,50
1123,3,English,84,78,69,77,87
1124,3,English,32,40,34,28,34
1125,3,English,77,80,82,98,98
1126,3,English,85,91,84,100,93
1127,3,English,41,45,43,45,46
1128,3,English,54,41,48,54,42
1129,3,English,67,74,67,62,67
1130,3,English,62,59,53,48,46
1131,3,English,56,46,53,39,49
1132,3,English,52,52,54,60,57
1133,3,English,31,36,39,17,27
1134,3,English,68,56,60,58,43
1135,3,English,45,48,70,35,59
1136,3,English,91,88,86,84,89
1137,3,English,62,53,46,48,56
1138,3,English,50,43,51,50,56
1139,3,English,87,83,90,78,86
1140,3,English,57,57,58,56,57
1141,3,English,75,77,72,71,85
1142,3,English,100,98,100,94,100
1143,3,English,27,35,32,37,29
1144,3,English,34,51,43,60,57
1145,3,English,57,43,60,56,49
1146,3,English,82,85,88,91,89
1147,3,English,48,54,50,45,59
1148,3,English,41,31,48,39,31
1149,3,English,68,78,78,80,88
1150,3,English,57,46,52,58,60
1151,3,English,100,98,90,86,82
1152,3,English,69,69,58,66,62
1153,3,English,48,48,58,48,33
1154,3,English,63,80,71,74,84
1155,3,English,63,66,74,56,46
1156,3,English,57,60,49,49,58
1157,3,English,80,80,79,71,71
1158,3,English,70,73,60,63,62
1159,3,English,64,57,61,65,62
1160,3,English,87,89,71,90,80
1161,3,English,70,56,60,63,61
1162,3,English,64,68,75,69,77
1163,3,English,67,69,67,62,73
1164,3,English,49,52,58,49,69
1165,3,English,87,73,89,83,82
1166,3,English,78,87,81,68,74
1167,3,English,59,57,64,45,57
1168,3,English,100,100,100,92,100
1169,3,English,60,58,63,57,68
1170,3,English,53,45,54,46,60
1171,3,English,27,32,38,39,34
1172,3,English,35,33,30,41,45
1173,3,English,65,71,65,66,71
1174,3,English,76,65,60,59,56
1175,3,English,62,51,51,51,37
1176,3,English,60,67,50,63,61
1177,3,English,62,55,56,60,56
1178,3,English,98,84,100,98,96
1179,3,English,56,62,54,46,51
1180,3,English,84,80,76,83,86
1181,3,English,66,63,72,61,73
1182,3,English,42,36,40,48,43
1183,3,English,22,14,20,19,33
1184,3,English,74,72,76,61,66
1185,3,English,53,51,52,71,59
1186,3,English,82,80,81,79,85
1187,3,English,84,82,90,89,85
1188,3,English,65,84,85,82,90
1189,3,English,43,40,46,33,41
1190,3,English,32,32,26,29,44
1191,3,English,81,80,71,78,97
1192,3,English,77,80,64,71,73
1193,3,English,83,55,72,64,70
1194,3,English,39,45,33,49,48
1195,3,English,73,70,69,64,66
1196,3,English,75,67,70,66,80
1197,3,English,55,39,43,47,51
1198,3,English,54,64,63,52,66
1199,3,English,63,65,69,63,70
1200,3,English,45,27,42,28,25
1201,3,English,59,68,43,65,59
1202,3,English,65,80,62,59,71
1204,3,English,70,78,71,84,84
1205,3,English,95,100,94,88,99
1206,3,English,12,16,24,24,21
1207,3,English,73,62,57,55,67
1208,3,English,85,84,82,81,94
1209,3,English,40,60,55,61,46
1210,3,English,65,67,73,64,57
1211,3,English,100,100,100,100,100
1212,3,English,56,54,56,62,61
1213,3,English,70,71,57,71,62
1214,3,English,55,53,54,56,70
1215,3,English,90,91,89,86,79
1216,3,English,77,59,65,71,70
1217,3,English,82,100,95,90,95
1218,3,English,54,54,61,68,65
1219,3,English,42,44,42,52,29
1220,3,English,58,64,49,55,56
1221,3,English,68,71,54,73,70
1222,3,English,97,80,81,95,78
1223,3,English,40,45,41,31,35
1224,3,English,69,72,71,57,73
1225,3,English,42,37,41,38,44
1226,3,English,61,76,69,68,58
1227,3,English,85,82,75,78,85
1228,3,English,53,60,57,60,61
1229,3,English,50,56,53,38,67
1230,3,English,38,42,37,56,58
1231,3,English,84,80,71,77,80
1232,3,English,56,56,55,55,48
1233,3,English,54,67,47,66,66
1001,4,Biology,50,63,65,58,61
1002,4,Biology,53,46,44,54,57
1003,4,Biology,86,93,100,96,92
1004,4,Biology,85,94,83,87,86
1005,4,Biology,26,35,32,35,28
1006,4,Biology,51,68,50,64,67
1007,4,Biology,78,82,59,75,55
1008,4,Biology,88,73,68,73,85
1009,4,Biology,37,49,49,34,25
1010,4,Biology,75,72,66,74,77
1011,4,Biology,65,62,51,66,60
1012,4,Biology,68,54,62,60,54
1013,4,Biology,65,39,50,55,52
1014,4,Biology,18,27,21,12,32
1015,4,Biology,28,30,37,33,39
1016,4,Biology,51,45,43,34,43
1017,4,Biology,57,54,52,69,63
1018,4,Biology,59,70,65,71,73
1019,4,Biology,29,40,39,51,30
1020,4,Biology,53,42,56,54,52
1021,4,Biology,97,100,99,100,92
1022,4,Biology,71,56,60,62,61
1023,4,Biology,46,48,48,37,41
1024,4,Biology,37,25,37,25,39
1025,4,Biology,57,60,73,62,70
1026,4,Biology,49,52,59,58,58
1027,4,Biology,47,44,47,41,42
1028,4,Biology,71,65,62,68,67
1029,4,Biology,37,43,45,46,39
1030,4,Biology,55,53,41,55,67
1031,4,Biology,12,18,17,22,12
1032,4,Biology,79,76,80,85,85
1033,4,Biology,60,53,52,51,48
1034,4,Biology,29,25,31,36,44
1035,4,Biology,82,100,90,97,89
1036,4,Biology,30,33,33,33,27
1037,4,Biology,59,61,54,61,62
1038,4,Biology,25,28,29,23,33
1039,4,Biology,53,45,46,56,42
1040,4,Biology,46,68,63,50,52
1041,4,Biology,91,72,73,81,90
1042,4,Biology,67,54,48,68,59
1043,4,Biology,47,48,40,35,33
1044,4,Biology,50,53,60,58,57
1045,4,Biology,37,23,36,42,23
1046,4,Biology,43,48,37,34,26
1047,4,Biology,64,54,52,54,52
1048,4,Biology,75,70,68,60,73
1049,4,Biology,61,71,63,63,64
1050,4,Biology,41,25,25,18,27
1051,4,Biology,77,72,71,81,75
1052,4,Biology,35,41,49,45,39
1053,4,Biology,68,70,68,69,72
1054,4,Biology,42,38,35,36,43
1055,4,Biology,75,71,57,72,71
1056,4,Biology,80,71,75,66,61
1057,4,Biology,47,45,40,44,48
1058,4,Biology,48,43,54,40,50
1059,4,Biology,64,61,61,72,59
1060,4,Biology,65,74,67,58,60
1061,4,Biology,41,50,35,52,46
1062,4,Biology,61,64,58,65,73
1063,4,Biology,38,45,48,42,56
1064,4,Biology,32,29,26,30,27
1065,4,Biology,75,81,88,78,83
1066,4,Biology,82,73,68,71,80
1067,4,Biology,67,57,67,71,72
1068,4,Biology,74,76,77,58,67
1069,4,Biology,60,60,59,51,45
1070,4,Biology,49,50,46,44,43
1071,4,Biology,70,80,64,78,66
1072,4,Biology,79,93,87,85,96
1073,4,Biology,52,50,60,61,67
1074,4,Biology,82,95,87,85,79
1075,4,Biology,29,37,33,23,31
1076,4,Biology,74,71,71,68,71
1077,4,Biology,57,65,64,73,80
1078,4,Biology,37,48,55,52,50
1079,4,Biology,50,60,51,69,59
1080,4,Biology,36,38,36,43,37
1081,4,Biology,74,62,65,56,61
1082,4,Biology,60,84,80,71,67
1083,4,Biology,94,96,95,98,100
1084,4,Biology,44,59,62,72,47
1085,4,Biology,40,56,50,65,50
1086,4,Biology,45,33,47,27,37
1087,4,Biology,73,82,71,60,62
1088,4,Biology,64,53,65,45,58
1089,4,Biology,55,50,41,43,49
1090,4,Biology,68,69,76,68,71
1091,4,Biology,43,43,62,57,62
1092,4,Biology,92,100,96,95,80
1093,4,Biology,20,31,40,35,29
1094,4,Biology,37,42,45,31,43
1095,4,Biology,61,69,83,67,72
1096,4,Biology,45,46,43,35,41
1097,4,Biology,71,77,72,80,79
1098,4,Biology,70,61,62,65,64
1099,4,Biology,64,60,50,43,50
1100,4,Biology,46,43,32,41,41
1101,4,Biology,33,49,28,48,40
1102,4,Biology,45,53,45,42,59
1103,4,Biology,64,70,56,66,58
1104,4,Biology,45,35,39,52,49
1105,4,Biology,49,45,55,46,48
1106,4,Biology,56,72,55,76,65
1107,4,Biology,79,87,83,86,88
1108,4,Biology,56,58,51,54,72
1109,4,Biology,64,51,51,57,57
1110,4,Biology,57,59,61,64,59
1111,4,Biology,41,35,35,25,20
1112,4,Biology,52,50,55,54,62
1113,4,Biology,50,60,53,58,52
1114,4,Biology,98,96,98,93,82
1115,4,Biology,45,38,38,45,34
1116,4,Biology,47,43,38,40,42
1117,4,Biology,52,61,48,52,47
1118,4,Biology,35,34,38,49,29
1119,4,Biology,78,80,79,84,61
1120,4,Biology,81,87,67,55,73
1121,4,Biology,72,73,73,80,76
1122,4,Biology,26,38,37,43,42
1123,4,Biology,68,80,85,94,81
1124,4,Biology,16,13,33,28,36
1125,4,Biology,70,76,65,62,58
1126,4,Biology,96,82,86,72,71
1127,4,Biology,44,57,50,42,60
1128,4,Biology,45,40,30,40,51
1129,4,Biology,64,72,67,68,61
1130,4,Biology,72,61,75,66,62
1131,4,Biology,32,40,35,38,43
1132,4,Biology,51,57,69,64,62
1133,4,Biology,42,35,44,39,35
1134,4,Biology,63,74,52,68,67
1135,4,Biology,48,43,45,52,45
1136,4,Biology,79,73,82,91,75
1137,4,Biology,48,40,39,40,33
1138,4,Biology,50,36,33,37,44
1139,4,Biology,68,70,59,73,72
1140,4,Biology,51,37,50,44,40
1141,4,Biology,75,83,69,71,82
1142,4,Biology,93,97,83,89,77
1143,4,Biology,57,59,54,49,63
1144,4,Biology,51,56,48,56,47
1145,4,Biology,71,69,59,62,63
1146,4,Biology,72,67,55,65,64
1147,4,Biology,59,65,66,64,58
1148,4,Biology,37,27,44,28,32
1149,4,Biology,59,46,52,48,54
1150,4,Biology,60,44,72,63,58
1151,4,Biology,42,37,42,38,39
1152,4,Biology,49,58,59,58,59
1153,4,Biology,37,46,33,36,36
1154,4,Biology,69,68,73,63,72
1155,4,Biology,71,65,63,68,70
1156,4,Biology,66,59,49,64,66
1157,4,Biology,84,94,83,100,91
1158,4,Biology,65,56,56,67,62
1159,4,Biology,28,21,18,33,28
1160,4,Biology,77,79,69,68,72
1161,4,Biology,32,31,30,12,17
1162,4,Biology,89,90,94,81,80
1163,4,Biology,89,97,92,85,86
1164,4,Biology,45,46,47,39,39
1165,4,Biology,48,60,56,53,54
1166,4,Biology,85,86,82,84,83
1167,4,Biology,74,60,74,60,68
1168,4,Biology,100,97,87,98,90
1169,4,Biology,38,42,35,39,41
1170,4,Biology,51,37,50,32,39
1171,4,Biology,37,34,44,39,41
1172,4,Biology,48,51,48,42,57
1173,4,Biology,47,50,45,47,51
1174,4,Biology,64,67,77,74,84
1175,4,Biology,58,45,60,56,55
1176,4,Biology,75,72,64,74,66
1177,4,Biology,58,58,65,54,72
1178,4,Biology,81,84,83,76,74
1179,4,Biology,60,70,67,68,58
1180,4,Biology,86,81,89,84,91
1181,4,Biology,62,45,50,52,42
1182,4,Biology,51,68,61,58,61
1183,4,Biology,42,42,46,42,61
1184,4,Biology,63,58,50,55,59
1185,4,Biology,77,76,75,67,63
1186,4,Biology,71,72,55,67,67
1187,4,Biology,85,79,84,74,81
1188,4,Biology,65,53,61,63,70
1189,4,Biology,61,67,56,78,67
1190,4,Biology,51,60,36,53,53
1191,4,Biology,59,43,52,49,54
1192,4,Biology,76,86,81,68,73
1193,4,Biology,73,64,51,73,63
1194,4,Biology,36,55,48,43,49
1195,4,Biology,61,44,53,44,53
1196,4,Biology,74,71,74,74,82
1197,4,Biology,50,56,50,63,52
1198,4,Biology,40,46,40,36,49
1199,4,Biology,47,50,35,46,36
1200,4,Biology,15,26,30,29,27
1201,4,Biology,57,69,56,53,63
1202,4,Biology,68,64,68,70,70
1204,4,Biology,92,90,91,97,100
1205,4,Biology,72,69,66,79,79
1206,4,Biology,53,63,52,62,57
1207,4,Biology,34,32,30,28,26
1208,4,Biology,56,57,57,65,66
1209,4,Biology,63,65,46,67,62
1210,4,Biology,70,65,74,70,82
1211,4,Biology,100,100,100,100,100
1212,4,Biology,49,47,50,58,47
1213,4,Biology,68,69,75,81,73
1214,4,Biology,57,56,60,49,66
1215,4,Biology,79,66,76,76,73
1216,4,Biology,58,48,52,59,56
1217,4,Biology,54,64,60,46,65
1218,4,Biology,48,35,22,43,43
1219,4,Biology,38,58,37,41,30
1220,4,Biology,49,45,41,40,39
1221,4,Biology,61,71,57,56,72
1222,4,Biology,83,75,80,84,76
1223,4,Biology,39,42,30,36,19
1224,4,Biology,58,66,63,74,62
1225,4,Biology,24,26,27,24,30
1226,4,Biology,51,50,54,55,43
1227,4,Biology,57,69,70,56,70
1228,4,Biology,49,61,48,46,51
1229,4,Biology,29,38,35,20,31
1230,4,Biology,70,50,81,68,64
1231,4,Biology,83,76,78,75,75
1232,4,Biology,35,35,31,37,27
1233,4,Biology,63,65,61,83,73
1001,5,Chemistry,63,56,52,48,57
1002,5,Chemistry,51,50,52,37,44
1003,5,Chemistry,82,81,97,89,93
1004,5,Chemistry,76,79,80,73,78
1005,5,Chemistry,24,32,29,20,14
1006,5,Chemistry,50,55,55,45,39
1007,5,Chemistry,66,68,80,77,74
1008,5,Chemistry,75,79,68,76,74
1009,5,Chemistry,41,45,53,49,46
1010,5,Chemistry,62,53,59,66,45
1011,5,Chemistry,59,52,60,59,69
1012,5,Chemistry,47,61,57,61,57
1013,5,Chemistry,52,44,43,51,59
1014,5,Chemistry,29,27,28,25,15
1015,5,Chemistry,30,23,26,21,16
1016,5,Chemistry,41,35,37,33,45
1017,5,Chemistry,65,65,55,49,42
1018,5,Chemistry,55,69,59,58,41
1019,5,Chemistry,33,28,23,26,30
1020,5,Chemistry,42,43,56,28,45
1021,5,Chemistry,100,93,97,100,100
1022,5,Chemistry,56,60,61,54,64
1023,5,Chemistry,32,47,45,39,43
1024,5,Chemistry,32,30,31,35,34
1025,5,Chemistry,71,56,55,49,41
1026,5,Chemistry,39,62,41,42,45
1027,5,Chemistry,41,36,53,51,52
1028,5,Chemistry,82,82,65,80,74
1029,5,Chemistry,26,35,32,43,45
1030,5,Chemistry,49,53,42,44,39
1031,5,Chemistry,12,12,12,18,15
1032,5,Chemistry,69,70,77,69,63
1033,5,Chemistry,50,53,63,54,57
1034,5,Chemistry,24,28,13,22,19
1035,5,Chemistry,89,85,92,77,84
1036,5,Chemistry,15,27,36,22,25
1037,5,Chemistry,48,42,49,45,63
1038,5,Chemistry,24,31,19,21,26
1039,5,Chemistry,52,52,52,56,56
1040,5,Chemistry,43,35,40,35,52
1041,5,Chemistry,68,76,80,87,73
1042,5,Chemistry,62,46,49,48,47
1043,5,Chemistry,38,42,44,46,47
1044,5,Chemistry,59,57,58,47,57
1045,5,Chemistry,38,30,31,33,40
1046,5,Chemistry,35,44,41,41,42
1047,5,Chemistry,50,63,45,54,49
1048,5,Chemistry,66,66,81,61,54
1049,5,Chemistry,48,60,61,66,68
1050,5,Chemistry,33,29,26,34,24
1051,5,Chemistry,69,77,84,65,61
1052,5,Chemistry,36,37,33,34,37
1053,5,Chemistry,53,65,70,64,82
1054,5,Chemistry,43,46,38,30,37
1055,5,Chemistry,66,64,77,71,71
1056,5,Chemistry,78,88,79,81,72
1057,5,Chemistry,45,43,35,39,40
1058,5,Chemistry,46,45,41,42,38
1059,5,Chemistry,57,58,57,83,61
1060,5,Chemistry,66,67,68,73,64
1061,5,Chemistry,39,41,50,28,42
1062,5,Chemistry,65,59,55,65,65
1063,5,Chemistry,41,39,35,50,49
1064,5,Chemistry,26,25,17,20,17
1065,5,Chemistry,71,65,86,81,68
1066,5,Chemistry,80,85,73,85,76
1067,5,Chemistry,65,67,73,48,57
1068,5,Chemistry,80,66,67,69,73
1069,5,Chemistry,55,56,53,58,50
1070,5,Chemistry,47,33,41,43,34
1071,5,Chemistry,61,73,61,61,62
1072,5,Chemistry,85,83,83,91,91
1073,5,Chemistry,60,52,47,48,46
1074,5,Chemistry,86,73,79,73,75
1075,5,Chemistry,26,24,26,22,12
1076,5,Chemistry,62,63,64,62,68
1077,5,Chemistry,50,58,61,64,71
1078,5,Chemistry,45,43,40,42,47
1079,5,Chemistry,56,41,47,46,57
1080,5,Chemistry,22,23,35,38,36
1081,5,Chemistry,66,56,65,50,55
1082,5,Chemistry,66,65,63,60,51
1083,5,Chemistry,80,97,87,85,98
1084,5,Chemistry,40,38,42,43,43
1085,5,Chemistry,35,56,53,57,60
1086,5,Chemistry,53,47,41,47,29
1087,5,Chemistry,58,65,68,66,64
1088,5,Chemistry,62,57,58,40,51
1089,5,Chemistry,45,48,44,37,40
1090,5,Chemistry,75,64,70,58,55
1091,5,Chemistry,53,42,49,42,31
1092,5,Chemistry,82,89,81,92,85
1093,5,Chemistry,37,39,33,28,22
1094,5,Chemistry,33,37,33,38,29
1095,5,Chemistry,67,62,59,56,56
1096,5,Chemistry,37,43,36,28,45
1097,5,Chemistry,56,63,66,76,60
1098,5,Chemistry,73,62,65,62,69
1099,5,Chemistry,58,60,49,42,54
1100,5,Chemistry,43,40,43,52,46
1101,5,Chemistry,31,32,42,31,31
1102,5,Chemistry,48,52,42,39,38
1103,5,Chemistry,63,56,54,44,42
1104,5,Chemistry,47,38,52,41,30
1105,5,Chemistry,39,30,53,47,46
1106,5,Chemistry,49,54,62,51,43
1107,5,Chemistry,86,87,90,89,87
1108,5,Chemistry,42,56,58,49,49
1109,5,Chemistry,46,53,44,41,41
1110,5,Chemistry,55,56,58,68,58
1111,5,Chemistry,29,29,47,27,33
1112,5,Chemistry,54,57,55,50,40
1113,5,Chemistry,40,62,52,46,56
1114,5,Chemistry,96,91,94,89,79
1115,5,Chemistry,43,37,42,31,37
1116,5,Chemistry,49,44,47,48,45
1117,5,Chemistry,40,47,44,45,46
1118,5,Chemistry,23,29,33,22,29
1119,5,Chemistry,80,87,82,90,81
1120,5,Chemistry,64,86,87,74,75
1121,5,Chemistry,77,80,62,74,68
1122,5,Chemistry,42,38,38,38,45
1123,5,Chemistry,76,68,74,82,78
1124,5,Chemistry,34,30,25,23,12
1125,5,Chemistry,61,65,61,60,51
1126,5,Chemistry,87,93,81,82,84
1127,5,Chemistry,45,37,45,40,39
1128,5,Chemistry,41,49,29,32,34
1129,5,Chemistry,57,45,71,69,55
1130,5,Chemistry,71,70,66,58,59
1131,5,Chemistry,36,24,24,35,29
1132,5,Chemistry,55,61,58,65,58
1133,5,Chemistry,36,48,48,32,50
1134,5,Chemistry,57,57,82,60,72
1135,5,Chemistry,51,45,40,38,41
1136,5,Chemistry,78,72,65,80,68
1137,5,Chemistry,42,42,29,40,29
1138,5,Chemistry,45,42,42,49,55
1139,5,Chemistry,65,67,63,64,54
1140,5,Chemistry,42,37,55,45,40
1141,5,Chemistry,74,76,72,78,75
1142,5,Chemistry,72,81,95,81,83
1143,5,Chemistry,44,37,49,50,48
1144,5,Chemistry,49,55,48,45,47
1145,5,Chemistry,75,64,69,71,64
1146,5,Chemistry,59,57,70,65,69
1147,5,Chemistry,51,57,50,66,49
1148,5,Chemistry,20,29,24,22,30
1149,5,Chemistry,57,48,45,54,52
1150,5,Chemistry,52,55,45,67,55
1151,5,Chemistry,32,39,31,42,39
1152,5,Chemistry,58,47,50,57,67
1153,5,Chemistry,40,35,47,25,36
1154,5,Chemistry,44,58,55,50,49
1155,5,Chemistry,60,70,67,78,79
1156,5,Chemistry,73,68,62,46,57
1157,5,Chemistry,90,100,100,100,100
1158,5,Chemistry,59,47,49,37,39
1159,5,Chemistry,29,21,34,24,17
1160,5,Chemistry,69,70,77,67,67
1161,5,Chemistry,31,26,20,12,28
1162,5,Chemistry,81,84,73,70,64
1163,5,Chemistry,80,100,79,81,84
1164,5,Chemistry,34,41,32,30,28
1165,5,Chemistry,48,46,41,49,45
1166,5,Chemistry,63,70,69,68,68
1167,5,Chemistry,63,60,64,64,56
1168,5,Chemistry,89,87,100,96,100
1169,5,Chemistry,43,35,18,15,30
1170,5,Chemistry,32,22,32,32,37
1171,5,Chemistry,32,41,43,25,39
1172,5,Chemistry,49,42,27,41,49
1173,5,Chemistry,46,46,28,54,38
1174,5,Chemistry,65,74,69,66,63
1175,5,Chemistry,36,53,43,59,53
1176,5,Chemistry,65,55,62,72,70
1177,5,Chemistry,58,51,54,61,49
1178,5,Chemistry,84,91,76,96,100
1179,5,Chemistry,62,55,44,54,54
1180,5,Chemistry,91,73,73,82,80
1181,5,Chemistry,53,50,51,44,47
1182,5,Chemistry,66,48,65,52,43
1183,5,Chemistry,42,48,53,49,46
1184,5,Chemistry,54,59,44,61,56
1185,5,Chemistry,70,70,74,68,86
1186,5,Chemistry,68,78,68,70,78
1187,5,Chemistry,71,77,76,69,79
1188,5,Chemistry,55,62,49,60,52
1189,5,Chemistry,58,55,55,56,60
1190,5,Chemistry,39,55,43,47,50
1191,5,Chemistry,51,48,40,59,47
1192,5,Chemistry,82,78,79,91,74
1193,5,Chemistry,64,70,54,50,58
1194,5,Chemistry,46,50,39,33,40
1195,5,Chemistry,37,53,54,57,59
1196,5,Chemistry,65,71,71,77,89
1197,5,Chemistry,46,58,53,43,48
1198,5,Chemistry,48,40,46,56,44
1199,5,Chemistry,47,41,58,44,42
1200,5,Chemistry,23,20,12,16,12
1201,5,Chemistry,59,67,53,50,52
1202,5,Chemistry,78,77,67,71,62
1204,5,Chemistry,83,83,76,86,84
1205,5,Chemistry,71,71,68,74,79
1206,5,Chemistry,50,49,42,41,44
1207,5,Chemistry,28,19,29,35,14
1208,5,Chemistry,40,52,39,50,43
1209,5,Chemistry,55,66,56,64,58
1210,5,Chemistry,66,61,66,74,60
1211,5,Chemistry,100,100,100,100,100
1212,5,Chemistry,42,40,41,57,50
1213,5,Chemistry,76,67,70,70,75
1214,5,Chemistry,54,57,55,49,60
1215,5,Chemistry,65,69,71,83,85
1216,5,Chemistry,47,53,43,53,57
1217,5,Chemistry,47,64,49,57,48
1218,5,Chemistry,40,32,38,34,28
1219,5,Chemistry,38,39,34,51,47
1220,5,Chemistry,44,37,61,50,47
1221,5,Chemistry,72,65,74,73,61
1222,5,Chemistry,85,62,76,67,72
1223,5,Chemistry,29,27,24,43,40
1224,5,Chemistry,68,55,56,53,48
1225,5,Chemistry,23,20,17,21,18
1226,5,Chemistry,39,44,54,53,46
1227,5,Chemistry,71,63,58,51,62
1228,5,Chemistry,46,52,50,52,39
1229,5,Chemistry,32,22,26,20,27
1230,5,Chemistry,57,71,68,58,65
1231,5,Chemistry,68,55,72,64,66
1232,5,Chemistry,38,38,31,56,44
1233,5,Chemistry,57,66,61,54,55
1001,6,History,68,67,71,70,67
1002,6,History,61,56,49,53,55
1003,6,History,76,71,80,82,83
1004,6,History,98,89,90,89,100
1005,6,History,50,53,65,62,63
1006,6,History,56,44,41,44,41
1007,6,History,73,87,88,69,86
1008,6,History,55,48,47,45,52
1009,6,History,42,44,39,47,28
1010,6,History,82,92,86,85,96
1011,6,History,62,67,73,77,68
1012,6,History,43,51,54,57,60
1013,6,History,68,72,72,68,74
1014,6,History,34,35,35,32,42
1015,6,History,62,81,56,53,63
1016,6,History,62,74,48,43,42
1017,6,History,51,43,51,57,61
1018,6,History,42,51,53,53,54
1019,6,History,39,32,41,38,38
1020,6,History,42,56,36,43,47
1021,6,History,83,76,68,82,83
1022,6,History,43,31,34,29,37
1023,6,History,48,61,47,58,51
1024,6,History,32,31,36,27,28
1025,6,History,71,72,68,57,69
1026,6,History,67,64,81,76,72
1027,6,History,39,50,41,35,40
1028,6,History,90,88,76,74,61
1029,6,History,45,51,46,38,42
1030,6,History,51,37,49,42,56
1031,6,History,62,64,67,57,74
1032,6,History,100,87,90,84,87
1033,6,History,56,44,48,43,36
1034,6,History,47,36,48,37,39
1035,6,History,61,66,64,68,53
1036,6,History,33,32,18,19,20
1037,6,History,61,69,73,81,93
1038,6,History,42,53,58,50,44
1039,6,History,31,22,32,37,40
1040,6,History,67,77,62,72,61
1041,6,History,64,75,72,63,81
1042,6,History,64,56,62,67,64
1043,6,History,54,40,60,59,63
1044,6,History,53,54,48,44,45
1045,6,History,34,43,42,49,47
1046,6,History,47,35,44,36,32
1047,6,History,41,47,57,59,56
1048,6,History,71,76,75,69,74
1049,6,History,59,63,57,65,73
1050,6,History,34,25,36,27,38
1051,6,History,64,69,59,61,68
1052,6,History,55,75,60,63,69
1053,6,History,50,56,43,51,54
1054,6,History,51,70,60,68,57
1055,6,History,79,75,68,82,68
1056,6,History,90,77,73,64,82
1057,6,History,32,35,30,26,14
1058,6,History,63,56,61,62,63
1059,6,History,73,62,56,60,66
1060,6,History,80,65,78,77,72
1061,6,History,34,47,53,40,45
1062,6,History,43,35,31,29,28
1063,6,History,20,26,29,23,41
1064,6,History,40,36,52,43,33
1065,6,History,77,79,77,76,84
1066,6,History,83,64,80,69,71
1067,6,History,63,73,53,66,66
1068,6,History,58,60,60,55,48
1069,6,History,67,72,72,68,63
1070,6,History,36,36,39,41,35
1071,6,History,61,57,54,49,56
1072,6,History,80,84,89,90,81
1073,6,History,59,47,50,63,57
1074,6,History,72,76,67,68,67
1075,6,History,30,40,45,47,42
1076,6,History,70,71,61,69,61
1077,6,History,77,74,57,70,81
1078,6,History,44,38,53,52,35
1079,6,History,64,72,71,73,71
1080,6,History,39,40,52,49,54
1081,6,History,27,26,33,25,26
1082,6,History,54,58,63,51,49
1083,6,History,92,100,91,95,90
1084,6,History,61,39,55,65,55
1085,6,History,49,55,58,47,55
1086,6,History,52,51,46,47,40
1087,6,History,76,78,78,85,80
1088,6,History,58,59,71,68,68
1089,6,History,61,65,76,78,80
1090,6,History,79,65,65,56,80
1091,6,History,65,59,67,60,53
1092,6,History,63,67,60,65,75
1093,6,History,37,43,36,49,45
1094,6,History,55,55,46,39,46
1095,6,History,56,61,54,51,59
1096,6,History,28,41,25,33,36
1097,6,History,65,79,61,80,67
1098,6,History,89,100,80,79,82
1099,6,History,59,70,80,71,68
1100,6,History,60,48,63,63,52
1101,6,History,58,58,47,49,44
1102,6,History,55,43,49,44,48
1103,6,History,31,34,27,39,39
1104,6,History,38,39,32,27,45
1105,6,History,39,45,59,30,39
1106,6,History,60,58,55,60,50
1107,6,History,90,93,90,92,97
1108,6,History,78,73,72,62,81
1109,6,History,75,74,58,59,79
1110,6,History,58,62,59,68,64
1111,6,History,33,38,28,31,22
1112,6,History,44,39,36,40,37
1113,6,History,62,64,61,68,79
1114,6,History,100,97,100,100,100
1115,6,History,48,35,49,33,37
1116,6,History,66,76,85,88,72
1117,6,History,65,69,65,70,74
1118,6,History,39,38,43,30,36
1119,6,History,91,95,90,95,100
1120,6,History,83,89,100,100,100
1121,6,History,71,64,83,69,67
1122,6,History,56,56,58,49,52
1123,6,History,74,79,82,86,71
1124,6,History,30,37,38,44,44
1125,6,History,87,82,82,89,91
1126,6,History,88,85,79,92,84
1127,6,History,37,47,53,63,62
1128,6,History,41,41,51,41,46
1129,6,History,61,78,76,60,65
1130,6,History,52,58,47,49,34
1131,6,History,45,49,50,44,46
1132,6,History,59,65,62,62,52
1133,6,History,42,54,46,50,44
1134,6,History,59,59,51,53,53
1135,6,History,30,52,42,42,59
1136,6,History,96,94,100,95,91
1137,6,History,64,53,54,57,46
1138,6,History,36,47,53,45,58
1139,6,History,89,84,67,92,73
1140,6,History,48,53,53,53,49
1141,6,History,66,58,70,57,74
1142,6,History,100,100,91,100,91
1143,6,History,27,27,39,34,35
1144,6,History,51,59,38,49,52
1145,6,History,55,47,47,52,49
1146,6,History,91,83,83,83,93
1147,6,History,51,44,29,36,33
1148,6,History,25,50,38,47,49
1149,6,History,76,68,57,75,62
1150,6,History,52,55,51,54,41
1151,6,History,89,99,86,92,85
1152,6,History,66,66,70,74,67
1153,6,History,46,51,51,59,57
1154,6,History,66,73,78,63,89
1155,6,History,58,71,70,68,74
1156,6,History,54,56,54,67,48
1157,6,History,81,86,76,71,83
1158,6,History,82,66,81,88,72
1159,6,History,60,60,61,53,64
1160,6,History,74,89,67,78,96
1161,6,History,56,62,62,63,66
1162,6,History,78,68,69,59,69
1163,6,History,70,62,62,71,64
1164,6,History,44,50,41,43,42
1165,6,History,67,75,66,74,70
1166,6,History,89,79,84,78,97
1167,6,History,56,62,71,64,64
1168,6,History,100,100,100,98,100
1169,6,History,54,66,54,53,61
1170,6,History,50,41,53,57,45
1171,6,History,31,46,48,48,45
1172,6,History,28,24,17,20,12
1173,6,History,62,63,72,60,60
1174,6,History,69,69,47,71,73
1175,6,History,46,48,45,49,34
1176,6,History,70,53,65,58,43
1177,6,History,57,56,61,64,66
1178,6,History,100,93,100,100,100
1179,6,History,63,59,63,65,58
1180,6,History,94,83,89,92,81
1181,6,History,62,62,59,60,74
1182,6,History,46,41,50,49,45
1183,6,History,17,12,31,15,24
1184,6,History,64,76,75,83,71
1185,6,History,52,55,52,47,36
1186,6,History,91,82,84,84,84
1187,6,History,89,86,85,89,94
1188,6,History,73,73,75,77,70
1189,6,History,44,44,31,48,39
1190,6,History,35,24,32,28,28
1191,6,History,90,77,82,65,82
1192,6,History,75,75,80,93,70
1193,6,History,59,65,65,65,69
1194,6,History,48,30,42,35,28
1195,6,History,56,66,58,69,61
1196,6,History,67,60,64,54,66
1197,6,History,59,45,52,39,62
1198,6,History,55,66,59,59,65
1199,6,History,68,54,52,51,60
1200,6,History,30,34,36,29,28
1201,6,History,54,60,63,66,76
1202,6,History,69,64,81,74,87
1204,6,History,76,83,66,63,63
1205,6,History,90,89,86,97,91
1206,6,History,19,13,12,12,15
1207,6,History,55,53,67,36,50
1208,6,History,82,88,87,85,78
1209,6,History,43,43,46,59,64
1210,6,History,63,59,69,77,65
1211,6,History,100,100,98,100,100
1212,6,History,51,61,53,46,43
1213,6,History,74,73,71,73,71
1214,6,History,51,59,61,66,61
1215,6,History,96,96,94,92,87
1216,6,History,76,69,79,60,63
1217,6,History,87,94,88,84,89
1218,6,History,50,60,57,52,37
1219,6,History,39,53,42,38,44
1220,6,History,57,43,38,33,44
1221,6,History,59,73,69,64,72
1222,6,History,79,78,90,89,88
1223,6,History,44,34,37,45,31
1224,6,History,63,72,66,61,56
1225,6,History,28,36,30,30,32
1226,6,History,61,62,38,54,56
1227,6,History,75,85,95,81,93
1228,6,History,55,52,52,71,59
1229,6,History,59,48,62,68,58
1230,6,History,44,52,40,37,43
1231,6,History,66,67,82,81,86
1232,6,History,53,46,71,54,55
1233,6,History,59,62,67,73,66
1001,7,Physics,49,69,62,77,72
1002,7,Physics,50,50,48,37,39
1003,7,Physics,85,90,73,88,84
1004,7,Physics,79,81,59,76,73
1005,7,Physics,26,30,41,39,39
1006,7,Physics,56,51,50,53,46
1007,7,Physics,71,77,85,84,72
1008,7,Physics,80,80,69,72,83
1009,7,Physics,38,48,37,32,30
1010,7,Physics,53,60,64,71,67
1011,7,Physics,60,50,43,48,57
1012,7,Physics,56,66,48,49,47
1013,7,Physics,47,56,49,45,48
1014,7,Physics,12,39,26,24,27
1015,7,Physics,23,21,30,29,23
1016,7,Physics,41,46,52,46,50
1017,7,Physics,53,58,60,55,76
1018,7,Physics,55,69,63,51,58
1019,7,Physics,28,46,22,39,44
1020,7,Physics,41,42,48,51,51
1021,7,Physics,91,98,95,100,100
1022,7,Physics,77,63,62,62,58
1023,7,Physics,47,41,35,34,37
1024,7,Physics,35,20,26,29,18
1025,7,Physics,55,53,58,54,51
1026,7,Physics,59,59,39,54,50
1027,7,Physics,39,43,43,39,37
1028,7,Physics,69,71,72,63,67
1029,7,Physics,43,37,38,42,35
1030,7,Physics,54,53,47,50,43
1031,7,Physics,12,12,13,16,14
1032,7,Physics,70,82,83,70,76
1033,7,Physics,50,63,48,51,51
1034,7,Physics,21,17,18,12,23
1035,7,Physics,84,78,85,90,89
1036,7,Physics,27,16,29,35,38
1037,7,Physics,48,74,60,62,72
1038,7,Physics,29,18,23,31,22
1039,7,Physics,52,56,39,53,48
1040,7,Physics,49,36,37,32,41
1041,7,Physics,76,71,78,74,78
1042,7,Physics,50,64,58,59,58
1043,7,Physics,48,46,49,45,51
1044,7,Physics,55,52,51,49,55
1045,7,Physics,41,29,46,38,46
1046,7,Physics,38,38,26,37,40
1047,7,Physics,56,47,53,34,62
1048,7,Physics,65,57,73,64,78
1049,7,Physics,55,68,67,68,63
1050,7,Physics,40,31,22,36,39
1051,7,Physics,88,76,73,71,85
1052,7,Physics,41,32,31,39,29
1053,7,Physics,72,75,68,60,60
1054,7,Physics,46,38,49,45,34
1055,7,Physics,65,67,77,66,58
1056,7,Physics,72,77,78,83,75
1057,7,Physics,50,43,63,54,49
1058,7,Physics,56,46,45,50,58
1059,7,Physics,61,60,70,61,71
1060,7,Physics,67,63,63,61,70
1061,7,Physics,37,53,45,24,34
1062,7,Physics,54,39,54,45,50
1063,7,Physics,42,36,46,43,36
1064,7,Physics,41,20,20,28,41
1065,7,Physics,74,67,81,80,79
1066,7,Physics,74,69,76,69,67
1067,7,Physics,59,58,63,60,57
1068,7,Physics,70,77,77,68,83
1069,7,Physics,52,57,54,48,44
1070,7,Physics,43,37,37,31,46
1071,7,Physics,74,69,75,63,74
1072,7,Physics,88,74,83,69,79
1073,7,Physics,51,48,60,55,53
1074,7,Physics,95,86,86,82,80
1075,7,Physics,24,21,12,12,12
1076,7,Physics,66,67,63,55,49
1077,7,Physics,54,53,55,47,53
1078,7,Physics,48,54,40,49,46
1079,7,Physics,59,58,47,51,53
1080,7,Physics,39,37,46,25,33
1081,7,Physics,63,48,59,51,50
1082,7,Physics,65,72,63,65,69
1083,7,Physics,86,93,87,88,82
1084,7,Physics,45,49,43,54,48
1085,7,Physics,54,54,49,38,66
1086,7,Physics,48,42,48,48,62
1087,7,Physics,67,69,79,82,82
1088,7,Physics,57,40,62,61,63
1089,7,Physics,39,51,51,52,53
1090,7,Physics,66,69,70,71,78
1091,7,Physics,60,62,50,28,59
1092,7,Physics,85,87,86,91,77
1093,7,Physics,36,36,34,24,21
1094,7,Physics,39,45,24,34,26
1095,7,Physics,66,61,58,58,47
1096,7,Physics,53,38,43,38,27
1097,7,Physics,62,68,64,61,47
1098,7,Physics,59,68,69,71,82
1099,7,Physics,46,53,50,71,54
1100,7,Physics,36,30,35,41,48
1101,7,Physics,35,34,39,36,51
1102,7,Physics,41,28,40,45,34
1103,7,Physics,64,49,63,52,52
1104,7,Physics,43,54,42,31,41
1105,7,Physics,52,48,25,36,47
1106,7,Physics,51,54,46,57,71
1107,7,Physics,100,93,95,100,94
1108,7,Physics,58,60,48,46,51
1109,7,Physics,55,43,64,50,53
1110,7,Physics,72,56,48,57,55
1111,7,Physics,33,23,25,15,19
1112,7,Physics,59,52,64,56,58
1113,7,Physics,50,49,58,52,55
1114,7,Physics,96,89,89,99,99
1115,7,Physics,37,53,29,25,40
1116,7,Physics,47,48,51,34,39
1117,7,Physics,51,60,54,48,44
1118,7,Physics,31,38,35,24,29
1119,7,Physics,77,79,80,88,81
1120,7,Physics,75,81,65,78,77
1121,7,Physics,69,78,72,69,68
1122,7,Physics,47,40,31,49,42
1123,7,Physics,68,77,73,82,70
1124,7,Physics,29,28,22,24,18
1125,7,Physics,70,67,63,72,50
1126,7,Physics,74,84,90,93,100
1127,7,Physics,44,38,41,38,37
1128,7,Physics,35,39,42,32,29
1129,7,Physics,61,67,57,53,62
1130,7,Physics,62,57,64,57,58
1131,7,Physics,31,30,34,26,39
1132,7,Physics,52,60,54,62,71
1133,7,Physics,47,34,46,37,37
1134,7,Physics,62,62,54,47,60
1135,7,Physics,30,44,34,45,36
1136,7,Physics,86,71,76,80,91
1137,7,Physics,40,46,38,42,30
1138,7,Physics,34,43,48,63,47
1139,7,Physics,71,72,67,79,74
1140,7,Physics,35,42,41,41,53
1141,7,Physics,80,62,80,90,73
1142,7,Physics,82,78,87,98,90
1143,7,Physics,55,51,54,51,51
1144,7,Physics,51,43,56,44,54
1145,7,Physics,68,64,60,56,59
1146,7,Physics,69,74,64,61,57
1147,7,Physics,66,66,63,64,71
1148,7,Physics,30,25,19,24,28
1149,7,Physics,65,54,61,51,52
1150,7,Physics,48,54,49,53,46
1151,7,Physics,50,36,43,33,39
1152,7,Physics,56,42,57,66,63
1153,7,Physics,26,33,40,41,47
1154,7,Physics,62,59,53,45,61
1155,7,Physics,59,53,67,61,67
1156,7,Physics,50,61,67,80,64
1157,7,Physics,93,94,97,98,100
1158,7,Physics,58,52,48,66,52
1159,7,Physics,34,20,40,15,27
1160,7,Physics,73,70,67,67,61
1161,7,Physics,31,28,32,15,22
1162,7,Physics,92,90,85,81,89
1163,7,Physics,79,77,84,96,94
1164,7,Physics,30,43,27,35,27
1165,7,Physics,47,61,58,61,50
1166,7,Physics,73,72,61,58,64
1167,7,Physics,65,71,60,66,79
1168,7,Physics,96,100,87,100,100
1169,7,Physics,40,28,30,36,38
1170,7,Physics,47,38,48,40,49
1171,7,Physics,44,44,32,35,43
1172,7,Physics,48,45,40,28,41
1173,7,Physics,50,55,56,61,60
1174,7,Physics,71,80,57,65,58
1175,7,Physics,44,42,56,66,61
1176,7,Physics,68,74,61,66,64
1177,7,Physics,54,61,56,54,50
1178,7,Physics,77,80,84,85,86
1179,7,Physics,55,76,63,59,55
1180,7,Physics,83,85,71,73,77
1181,7,Physics,47,58,40,45,59
1182,7,Physics,60,67,51,54,53
1183,7,Physics,40,44,39,37,28
1184,7,Physics,62,50,54,52,59
1185,7,Physics,59,61,73,71,70
1186,7,Physics,67,68,74,69,82
1187,7,Physics,77,81,63,68,75
1188,7,Physics,53,51,63,66,54
1189,7,Physics,64,64,57,61,51
1190,7,Physics,47,46,41,33,26
1191,7,Physics,51,52,51,38,35
1192,7,Physics,81,80,66,74,80
1193,7,Physics,69,66,68,67,71
1194,7,Physics,50,48,51,54,53
1195,7,Physics,55,50,45,54,41
1196,7,Physics,69,69,56,60,57
1197,7,Physics,57,55,50,46,41
1198,7,Physics,43,37,48,45,46
1199,7,Physics,39,42,45,42,50
1200,7,Physics,12,12,12,24,24
1201,7,Physics,58,48,47,60,59
1202,7,Physics,60,72,76,70,62
1204,7,Physics,77,92,86,75,84
1205,7,Physics,69,70,65,76,70
1206,7,Physics,48,53,41,51,40
1207,7,Physics,26,27,26,26,32
1208,7,Physics,39,37,55,44,41
1209,7,Physics,65,59,60,51,56
1210,7,Physics,61,70,55,67,68
1211,7,Physics,100,100,100,100,100
1212,7,Physics,39,35,53,60,55
1213,7,Physics,70,62,71,58,62
1214,7,Physics,56,52,54,51,44
1215,7,Physics,71,66,86,77,74
1216,7,Physics,64,55,60,54,61
1217,7,Physics,57,58,59,57,48
1218,7,Physics,34,35,41,26,30
1219,7,Physics,38,44,42,46,45
1220,7,Physics,37,45,50,53,59
1221,7,Physics,74,61,72,68,57
1222,7,Physics,79,83,79,79,89
1223,7,Physics,36,30,41,27,27
1224,7,Physics,57,71,69,65,58
1225,7,Physics,23,29,32,18,27
1226,7,Physics,53,50,37,49,44
1227,7,Physics,66,62,67,62,51
1228,7,Physics,51,45,36,28,30
1229,7,Physics,30,27,35,19,30
1230,7,Physics,67,61,70,65,60
1231,7,Physics,64,68,58,65,67
1232,7,Physics,45,41,37,38,38
1233,7,Physics,49,59,52,69,62
1001,8,Computer Studies,73,70,60,66,64
1002,8,Computer Studies,54,54,52,41,54
1003,8,Computer Studies,70,72,65,72,67
1004,8,Computer Studies,86,90,85,84,74
1005,8,Computer Studies,65,66,61,47,40
1006,8,Computer Studies,46,54,63,51,52
1007,8,Computer Studies,81,98,100,89,88
1008,8,Computer Studies,69,66,81,82,77
1009,8,Computer Studies,46,52,46,45,52
1010,8,Computer Studies,76,63,68,76,75
1011,8,Computer Studies,56,66,61,66,60
1012,8,Computer Studies,58,63,57,53,61
1013,8,Computer Studies,55,64,57,57,51
1014,8,Computer Studies,26,36,39,41,47
1015,8,Computer Studies,36,25,32,34,42
1016,8,Computer Studies,56,51,49,50,46
1017,8,Computer Studies,35,43,41,40,45
1018,8,Computer Studies,66,72,70,66,66
1019,8,Computer Studies,50,55,54,45,48
1020,8,Computer Studies,45,45,40,34,37
1021,8,Computer Studies,84,76,83,87,77
1022,8,Computer Studies,54,66,57,55,60
1023,8,Computer Studies,59,60,63,60,60
1024,8,Computer Studies,41,36,43,25,18
1025,8,Computer Studies,54,47,45,64,64
1026,8,Computer Studies,59,68,51,48,45
1027,8,Computer Studies,33,47,28,39,41
1028,8,Computer Studies,60,71,64,55,64
1029,8,Computer Studies,53,47,52,58,57
1030,8,Computer Studies,46,48,60,57,57
1031,8,Computer Studies,51,48,50,43,40
1032,8,Computer Studies,80,93,81,88,88
1033,8,Computer Studies,59,61,56,62,60
1034,8,Computer Studies,38,53,35,41,56
1035,8,Computer Studies,64,73,68,65,63
1036,8,Computer Studies,40,34,59,58,54
1037,8,Computer Studies,67,60,49,70,55
1038,8,Computer Studies,38,27,41,33,28
1039,8,Computer Studies,42,37,37,45,38
1040,8,Computer Studies,67,63,45,62,60
1041,8,Computer Studies,76,67,73,62,74
1042,8,Computer Studies,57,61,64,72,68
1043,8,Computer Studies,63,62,49,66,66
1044,8,Computer Studies,58,58,64,71,55
1045,8,Computer Studies,37,39,32,41,38
1046,8,Computer Studies,43,46,45,48,37
1047,8,Computer Studies,55,46,55,48,48
1048,8,Computer Studies,74,75,85,85,83
1049,8,Computer Studies,64,67,69,66,74
1050,8,Computer Studies,36,36,37,42,46
1051,8,Computer Studies,63,68,70,62,70
1052,8,Computer Studies,57,55,52,42,43
1053,8,Computer Studies,58,52,55,63,49
1054,8,Computer Studies,77,75,70,59,67
1055,8,Computer Studies,77,70,68,60,79
1056,8,Computer Studies,75,73,66,65,66
1057,8,Computer Studies,50,42,56,50,48
1058,8,Computer Studies,64,54,55,56,59
1059,8,Computer Studies,62,63,71,72,66
1060,8,Computer Studies,73,76,81,60,63
1061,8,Computer Studies,61,52,46,54,48
1062,8,Computer Studies,52,66,56,52,48
1063,8,Computer Studies,45,46,45,50,45
1064,8,Computer Studies,38,29,51,43,31
1065,8,Computer Studies,68,81,63,72,70
1066,8,Computer Studies,80,71,81,78,86
1067,8,Computer Studies,48,56,60,63,72
1068,8,Computer Studies,78,71,76,79,70
1069,8,Computer Studies,66,73,67,71,70
1070,8,Computer Studies,52,53,43,58,39
1071,8,Computer Studies,65,67,73,51,58
1072,8,Computer Studies,83,82,86,74,77
1073,8,Computer Studies,57,52,63,53,71
1074,8,Computer Studies,91,80,85,84,82
1075,8,Computer Studies,23,14,12,26,22
1076,8,Computer Studies,82,71,80,74,67
1077,8,Computer Studies,67,63,71,67,77
1078,8,Computer Studies,49,58,47,46,33
1079,8,Computer Studies,69,63,64,76,84
1080,8,Computer Studies,43,26,28,27,39
1081,8,Computer Studies,56,62,65,48,54
1082,8,Computer Studies,63,62,74,61,68
1083,8,Computer Studies,79,87,80,92,83
1084,8,Computer Studies,57,49,42,57,57
1085,8,Computer Studies,47,46,62,42,56
1086,8,Computer Studies,50,50,46,53,57
1087,8,Computer Studies,74,69,78,89,74
1088,8,Computer Studies,62,61,47,66,58
1089,8,Computer Studies,57,43,45,54,34
1090,8,Computer Studies,69,72,54,63,62
1091,8,Computer Studies,66,64,53,60,56
1092,8,Computer Studies,72,69,75,78,73
1093,8,Computer Studies,57,47,41,45,45
1094,8,Computer Studies,58,42,50,43,42
1095,8,Computer Studies,43,51,55,58,44
1096,8,Computer Studies,34,42,38,44,50
1097,8,Computer Studies,60,64,75,54,69
1098,8,Computer Studies,63,65,66,73,68
1099,8,Computer Studies,69,56,58,50,62
1100,8,Computer Studies,57,56,56,61,58
1101,8,Computer Studies,40,46,44,41,50
1102,8,Computer Studies,62,58,44,63,57
1103,8,Computer Studies,57,53,56,51,62
1104,8,Computer Studies,46,42,49,49,50
1105,8,Computer Studies,48,60,63,47,61
1106,8,Computer Studies,66,64,59,73,63
1107,8,Computer Studies,94,76,77,85,85
1108,8,Computer Studies,61,79,63,63,61
1109,8,Computer Studies,68,71,55,63,67
1110,8,Computer Studies,59,63,56,71,68
1111,8,Computer Studies,25,23,31,17,21
1112,8,Computer Studies,59,62,55,65,59
1113,8,Computer Studies,62,61,60,55,57
1114,8,Computer Studies,89,94,99,89,100
1115,8,Computer Studies,50,67,60,65,62
1116,8,Computer Studies,67,61,60,60,71
1117,8,Computer Studies,63,60,54,58,70
1118,8,Computer Studies,43,35,43,38,46
1119,8,Computer Studies,74,78,76,72,77
1120,8,Computer Studies,73,72,70,78,73
1121,8,Computer Studies,61,49,76,66,75
1122,8,Computer Studies,56,48,46,50,47
1123,8,Computer Studies,87,74,82,70,80
1124,8,Computer Studies,49,30,36,45,42
1125,8,Computer Studies,63,66,77,69,72
1126,8,Computer Studies,86,98,96,100,86
1127,8,Computer Studies,37,47,53,36,49
1128,8,Computer Studies,47,53,57,48,49
1129,8,Computer Studies,62,55,68,64,65
1130,8,Computer Studies,50,50,41,39,44
1131,8,Computer Studies,33,31,33,36,38
1132,8,Computer Studies,67,70,75,65,67
1133,8,Computer Studies,52,39,33,36,36
1134,8,Computer Studies,69,63,72,64,68
1135,8,Computer Studies,42,44,52,44,48
1136,8,Computer Studies,96,88,88,89,80
1137,8,Computer Studies,48,50,49,51,47
1138,8,Computer Studies,48,53,64,57,55
1139,8,Computer Studies,64,68,88,81,82
1140,8,Computer Studies,44,43,31,35,32
1141,8,Computer Studies,57,71,70,62,64
1142,8,Computer Studies,75,77,78,89,84
1143,8,Computer Studies,38,31,38,46,34
1144,8,Computer Studies,77,70,73,67,72
1145,8,Computer Studies,69,67,63,69,56
1146,8,Computer Studies,72,65,73,61,77
1147,8,Computer Studies,38,37,40,46,45
1148,8,Computer Studies,35,43,34,37,37
1149,8,Computer Studies,73,61,57,66,81
1150,8,Computer Studies,75,66,60,59,73
1151,8,Computer Studies,72,69,65,58,57
1152,8,Computer Studies,69,68,60,70,69
1153,8,Computer Studies,45,52,45,55,46
1154,8,Computer Studies,63,63,58,56,65
1155,8,Computer Studies,68,75,64,78,64
1156,8,Computer Studies,39,45,43,48,45
1157,8,Computer Studies,86,84,74,77,76
1158,8,Computer Studies,68,73,62,81,84
1159,8,Computer Studies,38,42,40,29,28
1160,8,Computer Studies,71,76,63,73,62
1161,8,Computer Studies,50,50,48,34,37
1162,8,Computer Studies,72,67,77,71,88
1163,8,Computer Studies,81,88,82,89,96
1164,8,Computer Studies,46,38,48,54,55
1165,8,Computer Studies,71,63,73,75,76
1166,8,Computer Studies,78,68,67,67,71
1167,8,Computer Studies,73,74,71,71,70
1168,8,Computer Studies,92,82,77,74,80
1169,8,Computer Studies,46,59,47,56,56
1170,8,Computer Studies,59,42,51,51,57
1171,8,Computer Studies,45,44,41,54,51
1172,8,Computer Studies,46,45,44,54,47
1173,8,Computer Studies,51,63,74,71,71
1174,8,Computer Studies,57,68,71,58,52
1175,8,Computer Studies,58,60,66,57,51
1176,8,Computer Studies,69,80,72,58,66
1177,8,Computer Studies,57,62,57,56,63
1178,8,Computer Studies,93,77,80,77,78
1179,8,Computer Studies,59,52,51,73,56
1180,8,Computer Studies,91,100,100,100,89
1181,8,Computer Studies,62,72,64,65,69
1182,8,Computer Studies,44,38,33,49,33
1183,8,Computer Studies,48,40,38,44,50
1184,8,Computer Studies,66,55,61,62,55
1185,8,Computer Studies,48,56,62,48,50
1186,8,Computer Studies,78,63,71,75,73
1187,8,Computer Studies,70,72,60,50,49
1188,8,Computer Studies,64,65,66,63,68
1189,8,Computer Studies,51,56,54,38,48
1190,8,Computer Studies,41,35,57,33,35
1191,8,Computer Studies,66,49,52,61,55
1192,8,Computer Studies,76,74,78,79,73
1193,8,Computer Studies,64,67,64,65,72
1194,8,Computer Studies,32,44,42,46,53
1195,8,Computer Studies,62,52,59,71,50
1196,8,Computer Studies,69,75,68,59,75
1197,8,Computer Studies,52,45,51,49,49
1198,8,Computer Studies,55,58,59,58,69
1199,8,Computer Studies,60,54,69,76,64
1200,8,Computer Studies,46,52,38,33,44
1201,8,Computer Studies,65,63,74,72,66
1202,8,Computer Studies,60,73,67,66,69
1204,8,Computer Studies,82,80,75,81,79
1205,8,Computer Studies,75,74,78,72,71
1206,8,Computer Studies,45,38,49,49,53
1207,8,Computer Studies,53,48,46,53,48
1208,8,Computer Studies,70,67,68,65,64
1209,8,Computer Studies,59,61,64,64,60
1210,8,Computer Studies,77,71,63,69,48
1211,8,Computer Studies,100,100,100,100,100
1212,8,Computer Studies,73,69,65,64,73
1213,8,Computer Studies,83,83,65,81,85
1214,8,Computer Studies,78,81,73,77,68
1215,8,Computer Studies,73,73,77,66,67
1216,8,Computer Studies,54,59,61,59,76
1217,8,Computer Studies,65,68,58,65,62
1218,8,Computer Studies,44,55,59,56,51
1219,8,Computer Studies,47,56,52,61,73
1220,8,Computer Studies,41,51,55,55,51
1221,8,Computer Studies,54,56,66,56,66
1222,8,Computer Studies,100,88,89,91,83
1223,8,Computer Studies,35,38,37,32,32
1224,8,Computer Studies,76,68,78,79,84
1225,8,Computer Studies,33,45,36,15,36
1226,8,Computer Studies,51,59,51,55,68
1227,8,Computer Studies,65,76,75,82,75
1228,8,Computer Studies,67,61,55,66,60
1229,8,Computer Studies,45,37,41,44,43
1230,8,Computer Studies,51,56,53,61,59
1231,8,Computer Studies,70,64,73,70,67
1232,8,Computer Studies,42,48,59,56,55
1233,8,Computer Studies,64,55,62,74,61
